"","corner","x_grid","y_grid","latitude","longitude"
"1","x118y266",118,266,78.8315317797862,-93.7615690850218
"2","x118y267",118,267,78.6794976367716,-92.8859064214311
"3","x118y268",118,268,78.5249452356811,-92.0337853037042
"4","x118y269",118,269,78.3679795983772,-91.2046312428104
"5","x118y270",118,270,78.208701813763,-90.3978617763698
"6","x118y271",118,271,78.047209095498,-89.6128899175361
"7","x118y272",118,272,77.8835948544128,-88.8491271964296
"8","x118y273",118,273,77.7179487829439,-88.105986323323
"9","x118y274",118,274,77.5503569492076,-87.3828835031894
"10","x118y275",118,275,77.3809018985942,-86.6792404309943
"11","x118y276",118,276,77.2096627610316,-85.9944859963896
"12","x118y277",118,277,77.0367153622962,-85.3280577253762
"13","x118y278",118,278,76.8621323379763,-84.6794029851425
"14","x118y279",118,279,76.6859832488828,-84.0479799767544
"15","x118y280",118,280,76.5083346968893,-83.4332585387257
"16","x118y281",118,281,76.3292504403381,-82.8347207828087
"17","x118y282",118,282,76.1487915082924,-82.2518615816485
"18","x118y283",118,283,75.9670163130446,-81.6841889262722
"19","x118y284",118,284,75.7839807603947,-81.1312241697771
"20","x118y285",118,285,75.5997383573161,-80.5925021720359
"21","x118y286",118,286,75.4143403167054,-80.0675713587845
"22","x118y287",118,287,75.2278356589879,-79.5559937070972
"23","x118y288",118,288,75.0402713104108,-79.0573446679851
"24","x119y266",119,266,79.0024713431455,-92.9713525516955
"25","x119y267",119,267,78.8480497438241,-92.0931996403013
"26","x119y268",119,268,78.6911358736914,-91.2393689153358
"27","x119y269",119,269,78.5318367480168,-90.4092277308444
"28","x119y270",119,270,78.3702551667563,-89.6021382236304
"29","x119y271",119,271,78.2064897950624,-88.8174608212559
"30","x119y272",119,272,78.0406352576573,-88.0545573027092
"31","x119y273",119,273,77.8727822442443,-87.3127934476875
"32","x119y274",119,274,77.7030176234661,-86.591541310151
"33","x119y275",119,275,77.5314245632397,-85.890181150884
"34","x119y276",119,276,77.3580826555782,-85.2081030624105
"35","x119y277",119,277,77.1830680442712,-84.5447083178916
"36","x119y278",119,278,77.0064535540376,-83.8994104736987
"37","x119y279",119,279,76.8283088199783,-83.2716362532884
"38","x119y280",119,280,76.6487004163423,-82.6608262378944
"39","x119y281",119,281,76.4676919837944,-82.0664353874326
"40","x119y282",119,282,76.2853443545176,-81.4879334129505
"41","x119y283",119,283,76.1017156746134,-80.9248050199579
"42","x119y284",119,284,75.9168615233767,-80.3765500400857
"43","x119y285",119,285,75.7308350291202,-79.8426834667351
"44","x119y286",119,286,75.5436869813039,-79.322735408725
"45","x119y287",119,287,75.3554659387991,-78.8162509744089
"46","x119y288",119,288,75.1662183341751,-78.3227900973256
"47","x120y266",120,266,79.1713120110544,-92.1561881233207
"48","x120y267",120,267,79.0144606904445,-91.276169152441
"49","x120y268",120,268,78.8551466032497,-90.4212621303703
"50","x120y269",120,269,78.6934786387348,-89.5907722691558
"51","x120y270",120,270,78.5295611796377,-88.7840028027152
"52","x120y271",120,271,78.3634942079727,-88.0002585183651
"53","x120y272",120,272,78.1953734235255,-87.2388488006394
"54","x120y273",120,273,78.0252903721023,-86.4990902309079
"55","x120y274",120,274,77.8533325809687,-85.7803087851238
"56","x120y275",120,275,77.679583699257,-85.0818416702521
"57","x120y276",120,276,77.5041236414573,-84.4030388377427
"58","x120y277",120,277,77.327028732376,-83.7432642099512
"59","x120y278",120,278,77.1483718522096,-83.1018966528077
"60","x120y279",120,279,76.9682225806126,-82.4783307253669
"61","x120y280",120,280,76.7866473388301,-81.8719772342299
"62","x120y281",120,281,76.603709529151,-81.2822636182472
"63","x120y282",120,282,76.4194696710826,-80.7086341864415
"64","x120y283",120,283,76.2339855337833,-80.1505502297553
"65","x120y284",120,284,76.0473122644032,-79.6074900250335
"66","x120y285",120,285,75.8595025120755,-79.0789487476341
"67","x120y286",120,286,75.6706065473875,-78.5644383071821
"68","x120y287",120,287,75.480672377226,-78.0634871192868
"69","x120y288",120,288,75.2897458549484,-77.5756398244852
"70","x121y266",121,266,79.3379487719849,-91.3152212367031
"71","x121y267",121,267,79.17862647652,-90.4340257248728
"72","x121y268",121,268,79.0168746253435,-89.5787378696299
"73","x121y269",121,269,78.8528038382063,-88.7485966851385
"74","x121y270",121,270,78.6865199297349,-87.9428429782452
"75","x121y271",121,271,78.5181240430988,-87.1607228594766
"76","x121y272",121,272,78.3477127948372,-86.4014907263648
"77","x121y273",121,273,78.1753784278108,-85.664411770975
"78","x121y274",121,274,78.0012089696773,-84.9487640612255
"79","x121y275",121,275,77.8252883946697,-84.2538402427776
"80","x121y276",121,276,77.6476967867977,-83.578948905137
"81","x121y277",121,277,77.4685105029183,-82.9234156522911
"82","x121y278",121,278,77.2878023343802,-82.2865839148405
"83","x121y279",121,279,77.1056416661933,-81.6678155372487
"84","x121y280",121,280,76.9220946328806,-81.0664911706008
"85","x121y281",121,281,76.7372242703503,-80.4820104981877
"86","x121y282",121,282,76.5510906632804,-79.9137923183263
"87","x121y283",121,283,76.3637510876405,-79.3612745061332
"88","x121y284",121,284,76.1752601480845,-78.8239138734747
"89","x121y285",121,285,75.9856699100457,-78.3011859440417
"90","x121y286",121,286,75.7950300264388,-77.7925846584231
"91","x121y287",121,287,75.6033878589429,-77.2976220221792
"92","x121y288",121,288,75.410788593887,-76.8158277082385
"93","x122y266",122,266,79.5022714393761,-90.4475868551056
"94","x122y267",122,267,79.3404382162426,-89.5659742751273
"95","x122y268",122,268,79.1762125416209,-88.7110672530565
"96","x122y269",122,269,79.0097065960624,-87.8820345221195
"97","x122y270",122,270,78.8410274508609,-87.0780509600228
"98","x122y271",122,271,78.6702772322009,-86.2983010258452
"99","x122y272",122,272,78.4975532945188,-85.5419816308677
"100","x122y273",122,273,78.3229483999969,-84.8083045043367
"101","x122y274",122,274,78.1465509015753,-84.0964981115235
"102","x122y275",122,275,77.9684449273028,-83.4058091774071
"103","x122y276",122,276,77.788710564211,-82.7355038650695
"104","x122y277",122,277,77.6074240402232,-82.0848686535996
"105","x122y278",122,278,77.4246579029114,-81.4532109560812
"106","x122y279",122,279,77.2404811941481,-80.8398595141731
"107","x122y280",122,280,77.0549596199195,-80.2441646019249
"108","x122y281",122,281,76.8681557147474,-79.6654980678601
"109","x122y282",122,282,76.6801290003202,-79.1032532410151
"110","x122y283",122,283,76.4909361380621,-78.5568447235489
"111","x122y284",122,284,76.3006310754789,-78.0257080897482
"112","x122y285",122,285,76.1092651862044,-77.5092995087254
"113","x122y286",122,286,75.9168874037477,-77.0070953058401
"114","x122y287",122,287,75.7235443489972,-76.5185914758397
"115","x122y288",122,288,75.5292804515845,-76.0433031589213
"116","x123y266",123,266,79.6641644757794,-89.5524131448946
"117","x123y267",123,267,79.4997819951184,-88.6712176330643
"118","x123y268",123,268,79.3330482414183,-87.81752338692
"119","x123y269",123,269,79.1640767581376,-86.9904248028645
"120","x123y270",123,270,78.9929756720709,-86.1890274032601
"121","x123y271",123,271,78.8198478905956,-85.4124511350906
"122","x123y272",123,272,78.6447913057286,-84.6598330671951
"123","x123y273",123,273,78.4678990019147,-83.9303295568353
"124","x123y274",123,274,78.2892594649815,-83.2231179511342
"125","x123y275",123,275,78.1089567901514,-82.5373978834584
"126","x123y276",123,276,77.9270708874087,-81.8723922193205
"127","x123y277",123,277,77.743677682854,-81.2273477010002
"128","x123y278",123,278,77.5588493149766,-80.6015353349191
"129","x123y279",123,279,77.3726543250369,-79.9942505609472
"130","x123y280",123,280,77.1851578409571,-79.4048132382877
"131","x123y281",123,281,76.9964217543003,-78.8325674784207
"132","x123y282",123,282,76.8065048900683,-78.2768813517883
"133","x123y283",123,283,76.6154631691707,-77.7371464914626
"134","x123y284",123,284,76.4233497635205,-77.2127776139501
"135","x123y285",123,285,76.2302152437911,-76.7032119745255
"136","x123y286",123,286,76.0361077199342,-76.2079087720366
"137","x123y287",123,287,75.8410729746127,-75.7263485159523
"138","x123y288",123,288,75.6451545897368,-75.2580323665221
"139","x124y266",124,266,79.8235068306123,-88.6288258413878
"140","x124y267",124,267,79.656538742619,-87.7489609380397
"141","x124y268",124,268,79.487264805961,-86.8973857318045
"142","x124y269",124,269,79.3157996989787,-86.0731163199447
"143","x124y270",124,270,79.1422523753886,-85.2751855834195
"144","x124y271",124,271,78.9667262971858,-84.5026462716922
"145","x124y272",124,272,78.7893196714571,-83.7545734555211
"146","x124y273",124,273,78.6101256880917,-83.0300664287579
"147","x124y274",124,274,78.4292327559284,-82.3282501330876
"148","x124y275",124,275,78.2467247353641,-81.648276172554
"149","x124y276",124,276,78.0626811658743,-80.9893234778126
"150","x124y277",124,277,77.8771774872422,-80.3505986734774
"151","x124y278",124,278,77.6902852535949,-79.731336195766
"152","x124y279",124,279,77.5020723396073,-79.1307982019453
"153","x124y280",124,280,77.3126031384367,-78.5482743078646
"154","x124y281",124,281,77.1219387511275,-77.9830811851398
"155","x124y282",124,282,76.9301371673655,-77.4345620453003
"156","x124y283",124,283,76.7372534375788,-76.9020860344171
"157","x124y284",124,284,76.5433398364709,-76.3850475583653
"158","x124y285",124,285,76.3484460181442,-75.8828655558989
"159","x124y286",124,286,76.1526191630261,-75.3949827341096
"160","x124y287",124,287,75.9559041168553,-74.920864778555
"161","x124y288",124,288,75.7583435220081,-74.4599995483591
"162","x125y266",125,266,79.9801717960826,-87.6759533777573
"163","x125y267",125,267,79.8105841248386,-86.7984167316559
"164","x125y268",125,268,79.6387404338625,-85.9499450995613
"165","x125y269",125,269,79.464756276481,-85.1294724906296
"166","x125y270",125,270,79.28874117609,-84.3359560742668
"167","x125y271",125,271,79.1107988971411,-83.568378963136
"168","x125y272",125,272,78.9310277166089,-82.8257523404388
"169","x125y273",125,273,78.7495206930615,-82.1071170230111
"170","x125y274",125,274,78.5663659310507,-81.4115445425563
"171","x125y275",125,275,78.3816468390444,-80.7381378184254
"172","x125y276",125,276,78.1954423795521,-80.0860314869233
"173","x125y277",125,277,78.0078273104611,-79.4543919442573
"174","x125y278",125,278,77.8188724168925,-78.8424171530303
"175","x125y279",125,279,77.6286447331344,-78.249336255619
"176","x125y280",125,280,77.4372077544172,-77.6744090318744
"177","x125y281",125,281,77.2446216384542,-77.1169252333095
"178","x125y282",125,282,77.0509433967993,-76.57620382126
"179","x125y283",125,283,76.8562270761795,-76.0515921323872
"180","x125y284",125,284,76.6605239300331,-75.5424649912785
"181","x125y285",125,285,76.4638825805497,-75.0482237867487
"182","x125y286",125,286,76.2663491715442,-74.5682955257139
"183","x125y287",125,287,76.067967512534,-74.1021318761439
"184","x125y288",125,288,75.8687792144008,-73.6492082085657
"185","x126y266",126,266,80.1340268865283,-86.6929328516812
"186","x126y267",126,267,79.9617884621077,-85.8188108054068
"187","x126y268",126,268,79.7873483925446,-84.974509325167
"188","x126y269",126,269,79.6108228129208,-84.1588768107898
"189","x126y270",126,270,79.4323215294554,-83.3707919539311
"190","x126y271",126,271,79.2519483307927,-82.6091661184259
"191","x126y272",126,272,79.0698012957779,-81.872945050535
"192","x126y273",126,273,78.8859730950724,-81.1611100210683
"193","x126y274",126,274,78.7005512845766,-80.4726784897785
"194","x126y275",126,275,78.513618589152,-79.8067043715207
"195","x126y276",126,276,78.3252531755624,-79.1622779735987
"196","x126y277",126,277,78.1355289139082,-78.5385256645256
"197","x126y278",126,278,77.9445156271304,-77.9346093261326
"198","x126y279",126,279,77.7522793283795,-77.3497256335497
"199","x126y280",126,280,77.5588824462361,-76.783105201009
"200","x126y281",126,281,77.3643840379243,-76.2340116256389
"201","x126y282",126,282,77.168839990762,-75.7017404563584
"202","x126y283",126,283,76.9723032121817,-75.1856181105755
"203","x126y284",126,284,76.7748238087168,-74.6850007575897
"204","x126y285",126,285,76.5764492543927,-74.199273184311
"205","x126y286",126,286,76.3772245489892,-73.7278476560978
"206","x126y287",126,287,76.1771923666579,-73.27016278311
"207","x126y288",126,288,75.9763931953839,-72.8256824005314
"208","x127y266",127,266,80.2849337471556,-85.6789169032131
"209","x127y267",127,267,80.1100166771309,-84.8093888595736
"210","x127y268",127,268,79.932957000705,-83.9704096552692
"211","x127y269",127,269,79.7538711070657,-83.1607389373486
"212","x127y270",127,270,79.5728687682331,-82.3791745583696
"213","x127y271",127,271,79.3900534925551,-81.6245544400761
"214","x127y272",127,272,79.2055228701226,-80.8957577647097
"215","x127y273",127,273,79.0193689077823,-80.1917056058872
"216","x127y274",127,274,78.8316783520611,-79.5113610967964
"217","x127y275",127,275,78.642532998832,-78.8537292204631
"218","x127y276",127,276,78.4520099889791,-78.2178562950606
"219","x127y277",127,277,78.2601820896554,-77.6028292166953
"220","x127y278",127,278,78.0671179610095,-77.0077745127503
"221","x127y279",127,279,77.8728824084581,-76.4318572506465
"222","x127y280",127,280,77.6775366207512,-75.874279839702
"223","x127y281",127,281,77.4811383942062,-75.3342807575358
"224","x127y282",127,282,77.2837423435689,-74.811133227085
"225","x127y283",127,283,77.0854001000315,-74.3041438656923
"226","x127y284",127,284,76.8861604969748,-73.8126513237719
"227","x127y285",127,285,76.6860697440295,-73.3360249272143
"228","x127y286",127,286,76.4851715900637,-72.8736633348502
"229","x127y287",127,287,76.2835074756999,-72.4249932199042
"230","x127y288",127,288,76.0811166759644,-71.9894679823577
"231","x128y266",128,266,80.4327480989124,-84.6330815734098
"232","x128y267",128,267,80.2551282798326,-83.769424024231
"233","x128y268",128,268,80.0754296474594,-82.9370078887006
"234","x128y269",128,269,79.8937684824392,-82.1345014217645
"235","x128y270",128,270,79.7102541753522,-81.3606197943699
"236","x128y271",128,271,79.5249896239052,-80.6141263134824
"237","x128y272",128,272,79.3380716168946,-79.8938329827086
"238","x128y273",128,273,79.1495912030621,-79.1986005243658
"239","x128y274",128,274,78.9596340435942,-78.5273379669386
"240","x128y275",128,275,78.7682807475211,-77.879001886685
"241","x128y276",128,276,78.5756071896759,-77.2525953786785
"242","x128y277",128,277,78.3816848111861,-76.6471668207233
"243","x128y278",128,278,78.1865809027132,-76.0618084832457
"244","x128y279",128,279,77.9903588708464,-75.4956550293164
"245","x128y280",128,280,77.7930784881848,-74.9478819412599
"246","x128y281",128,281,77.5947961277343,-74.4177039037242
"247","x128y282",128,282,77.3955649823235,-73.9043731674809
"248","x128y283",128,283,77.1954352697688,-73.4071779134863
"249","x128y284",128,284,76.9944544245442,-72.9254406327386
"250","x128y285",128,285,76.7926672767132,-72.4585165341224
"251","x128y286",128,286,76.5901162188732,-72.0057919896333
"252","x128y287",128,287,76.3868413618449,-71.5666830240619
"253","x128y288",128,288,76.1828806798171,-71.1406338543003
"254","x129y266",129,266,80.5773197270097,-83.5546352059343
"255","x129y267",129,267,80.3969773957158,-82.6982252846161
"256","x129y268",129,268,80.214624854261,-81.8737042949605
"257","x129y269",129,269,80.0303778771652,-81.0796471075329
"258","x129y270",129,270,79.8443450966788,-80.3146850148456
"259","x129y271",129,271,79.6566284446221,-79.5775061685573
"260","x129y272",129,272,79.4673235752842,-78.8668553888448
"261","x129y273",129,273,79.2765202680696,-78.1815334740149
"262","x129y274",129,274,79.0843028091886,-77.5203961187456
"263","x129y275",129,275,78.8907503521546,-76.8823525320159
"264","x129y276",129,276,78.6959372572223,-76.266363830696
"265","x129y277",129,277,78.4999334101732,-75.671441271721
"266","x129y278",129,278,78.3028045210592,-75.0966443745835
"267","x129y279",129,279,78.104612403656,-74.5410789763457
"268","x129y280",129,280,77.9054152364864,-74.0038952532905
"269","x129y281",129,281,77.7052678063226,-73.4842857365289
"270","x129y282",129,282,77.5042217351088,-72.9814833431776
"271","x129y283",129,283,77.3023256912668,-72.4947594399643
"272","x129y284",129,284,77.0996255863268,-72.0234219521812
"273","x129y285",129,285,76.8961647578101,-71.5668135276499
"274","x129y286",129,286,76.6919841392637,-71.1243097626975
"275","x129y287",129,287,76.4871224183045,-70.6953174949659
"276","x129y288",129,288,76.281616183498,-70.2792731661166
"277","x130y266",130,266,80.7184925213584,-82.4428284423508
"278","x130y267",130,267,80.5354128451085,-81.5951468407911
"279","x130y268",130,268,80.3503963861238,-80.7799463241401
"280","x130y269",130,269,80.1635579811248,-79.9957071924158
"281","x130y270",130,270,79.9750050988062,-79.2409764474597
"282","x130y271",130,271,79.7848383266024,-78.5143672975306
"283","x130y272",130,272,79.5931518322801,-77.8145580877604
"284","x130y273",130,273,79.4000337997475,-77.1402907893209
"285","x130y274",130,274,79.2055668390184,-76.4903691577565
"286","x130y275",130,275,79.0098283706983,-75.8636566516139
"287","x130y276",130,276,78.8128909856612,-75.2590741859628
"288","x130y277",130,277,78.6148227808154,-74.6755977813691
"289","x130y278",130,278,78.4156876720025,-74.1122561570318
"290","x130y279",130,279,78.2155456851673,-73.5681283068748
"291","x130y280",130,280,78.0144532269992,-73.0423410891079
"292","x130y281",130,281,77.8124633362531,-72.5340668529163
"293","x130y282",130,282,77.6096259169539,-72.0425211202889
"294","x130y283",130,283,77.4059879546726,-71.5669603363673
"295","x130y284",130,284,77.201593717015,-71.1066796979244
"296","x130y285",130,285,76.9964849394236,-70.6610110665357
"297","x130y286",130,286,76.7907009973343,-70.2293209705514
"298","x130y287",130,287,76.5842790656808,-69.8110086980259
"299","x130y288",130,288,76.3772542666744,-69.4055044812241
"300","x131y266",131,266,80.8561045779009,-81.2969653453231
"301","x131y267",131,267,80.6702782811944,-80.459598414885
"302","x131y268",131,268,80.4825934190308,-79.6552381055716
"303","x131y269",131,269,80.2931634263716,-78.8822699407544
"304","x131y270",131,270,80.1020941769803,-78.1391571533393
"305","x131y271",131,271,79.9094845145892,-77.4244390997792
"306","x131y272",131,272,79.715426752211,-76.7367291793177
"307","x131y273",131,273,79.5200071398127,-76.0747123927689
"308","x131y274",131,274,79.3233063010495,-75.4371426502789
"309","x131y275",131,275,79.1253996400997,-74.8228399164715
"310","x131y276",131,276,78.9263577198828,-74.2306872637105
"311","x131y277",131,277,78.7262466130898,-73.6596278894737
"312","x131y278",131,278,78.5251282275432,-73.1086621416214
"313","x131y279",131,279,78.3230606074415,-72.5768445852885
"314","x131y280",131,280,78.1200982120362,-72.0632811368955
"315","x131y281",131,281,77.916292173272,-71.5671262840794
"316","x131y282",131,282,77.7116905338629,-71.0875804049352
"317","x131y283",131,283,77.5063384672126,-70.6238871956156
"318","x131y284",131,284,77.3002784805307,-70.1753312118748
"319","x131y285",131,285,77.0935506024088,-69.7412355274186
"320","x131y286",131,286,76.886192556047,-69.3209595097825
"321","x131y287",131,287,76.6782399192452,-68.913896712824
"322","x131y288",131,288,76.4697262721924,-68.5194728836585
"323","x132y266",132,266,80.9899883704283,-80.1164156616043
"324","x132y267",132,267,80.8014123951239,-79.2910564976429
"325","x132y268",132,268,80.6110607706437,-78.499150712212
"326","x132y269",132,269,80.4190450368579,-77.7389900125486
"327","x132y270",132,270,80.2254690182615,-77.0089554757189
"328","x132y271",132,271,80.0304293980823,-76.3075147093932
"329","x132y272",132,272,79.834016253496,-75.6332186262809
"330","x132y273",132,273,79.636313553129,-74.9846979637174
"331","x132y274",132,274,79.4373996184036,-74.3606596530119
"332","x132y275",132,275,79.2373475505244,-73.759883120866
"333","x132y276",132,276,79.0362256250492,-73.1812165868013
"334","x132y277",132,277,78.8340976560524,-72.6235734055088
"335","x132y278",132,278,78.6310233318987,-72.0859284908258
"336","x132y279",132,279,78.4270585246139,-71.5673148481852
"337","x132y280",132,280,78.222255574769,-71.0668202344891
"338","x132y281",132,281,78.0166635537288,-70.583583958068
"339","x132y282",132,282,77.8103285050058,-70.1167938264357
"340","x132y283",132,283,77.6032936663582,-69.6656832456706
"341","x132y284",132,284,77.3955996741807,-69.2295284722672
"342","x132y285",132,285,77.1872847516148,-68.8076460160179
"343","x132y286",132,286,76.9783848817098,-68.3993901907831
"344","x132y287",132,287,76.7689339668661,-68.0041508087629
"345","x132y288",132,288,76.5589639756929,-67.6213510130015
"346","x133y266",133,266,81.1199710029493,-78.9006282077552
"347","x133y267",133,267,80.9286491967635,-78.0890764990426
"348","x133y268",133,268,80.7356392015225,-77.311333143145
"349","x133y269",133,269,80.5410501434872,-76.5655983538493
"350","x133y270",133,270,80.3449833248968,-75.8501739187141
"351","x133y271",133,271,80.1475328384925,-75.1634589439612
"352","x133y272",133,272,79.9487861358917,-74.5039453534874
"353","x133y273",133,273,79.7488245520778,-73.8702132654099
"354","x133y274",133,274,79.5477237885064,-73.2609263413472
"355","x133y275",133,275,79.3455543574522,-72.6748271807253
"356","x133y276",133,276,79.1423819902454,-72.1107328139254
"357","x133y277",133,277,78.9382680120157,-71.5675303332967
"358","x133y278",133,278,78.7332696854788,-71.0441726893167
"359","x133y279",133,279,78.5274405261924,-70.5396746699179
"360","x133y280",133,280,78.3208305915781,-70.0531090737783
"361","x133y281",133,281,78.1134867458628,-69.5836030827824
"362","x133y282",133,282,77.9054529029577,-69.1303348346011
"363","x133y283",133,283,77.6967702491385,-68.6925301931328
"364","x133y284",133,284,77.4874774472478,-68.2694597121933
"365","x133y285",133,285,77.277610824017,-67.8604357861498
"366","x133y286",133,286,77.0672045419616,-67.4648099800307
"367","x133y287",133,287,76.8562907571905,-67.081970530892
"368","x133y288",133,288,76.6448997643512,-66.7113400117838
"369","x134y266",134,266,81.2458745529409,-77.6491453253386
"370","x134y267",134,267,81.0518183796926,-76.8533057349946
"371","x134y268",134,268,80.8561657939549,-76.0915239474475
"372","x134y269",134,269,80.6590229702861,-75.3619125674267
"373","x134y270",134,270,80.4604882025681,-74.6626983742024
"374","x134y271",134,271,80.2606525552502,-73.9922164939312
"375","x134y272",134,272,80.0596004611336,-73.3489045008727
"376","x134y273",134,273,79.8574102691524,-72.7312965565708
"377","x134y274",134,274,79.6541547456744,-72.1380176675133
"378","x134y275",134,275,79.4499015328153,-71.5677781191246
"379","x134y276",134,276,79.2447135671545,-71.0193681261093
"380","x134y277",134,277,79.038649462093,-70.4916527252634
"381","x134y278",134,278,78.8317638569135,-69.9835669261305
"382","x134y279",134,279,78.6241077354077,-69.4941111266847
"383","x134y280",134,280,78.415728716736,-69.022346795047
"384","x134y281",134,281,78.2066713209753,-68.5673924136775
"385","x134y282",134,282,77.9969772116302,-68.1284196791746
"386","x134y283",134,283,77.7866854171768,-67.7046499485022
"387","x134y284",134,284,77.5758325335383,-67.2953509209078
"388","x134y285",134,285,77.3644529092254,-66.8998335438443
"389","x134y286",134,286,77.1525788147185,-66.5174491306926
"390","x134y287",134,287,76.9402405975218,-66.1475866779186
"391","x134y288",134,288,76.7274668241909,-65.7896703693781
"392","x135y266",135,266,81.3675165157948,-76.3616183084433
"393","x135y267",135,267,81.1707457788449,-75.5834971435082
"394","x135y268",135,268,80.9724744151509,-74.8395633790942
"395","x135y269",135,269,80.7728050970524,-74.1278476538215
"396","x135y270",135,270,80.571832617699,-73.4465075902266
"397","x135y271",135,271,80.3696445740659,-72.7938202511666
"398","x135y272",135,272,80.1663219893497,-72.16817473534
"399","x135y273",135,273,79.9619398794727,-71.5680649995651
"400","x135y274",135,274,79.7565677682896,-70.9920829677694
"401","x135y275",135,275,79.5502701558858,-70.4389119652965
"402","x135y276",135,276,79.3431069441056,-69.9073205008565
"403","x135y277",135,277,79.1351338231702,-69.3961564061764
"404","x135y278",135,278,78.9264026229616,-68.904341334308
"405","x135y279",135,279,78.7169616322597,-68.4308656109214
"406","x135y280",135,280,78.5068558889475,-67.974783428218
"407","x135y281",135,281,78.2961274439309,-67.5352083678814
"408","x135y282",135,282,78.0848156012669,-67.1113092374072
"409","x135y283",135,283,77.8729571367762,-66.7023062029436
"410","x135y284",135,284,77.6605864971861,-66.3074672012067
"411","x135y285",135,285,77.4477359816563,-65.9261046129438
"412","x135y286",135,286,77.2344359073687,-65.5575721806794
"413","x135y287",135,287,77.0207147606907,-65.2012621539766
"414","x135y288",135,288,76.8065993352739,-64.8566026461213
"415","x136y266",136,266,81.4847103603988,-75.0378236547685
"416","x136y267",136,267,81.2852539286566,-74.2795235793618
"417","x136y268",136,268,81.084396270917,-73.5554059349213
"418","x136y269",136,269,80.8822360031398,-72.8634269812196
"419","x136y270",136,270,80.6788639272767,-72.2016827479216
"420","x136y271",136,271,80.4743637398148,-71.568399653453
"421","x136y272",136,272,80.2688126729259,-70.9619255084905
"422","x136y273",136,273,80.0622820742638,-70.3807209624329
"423","x136y274",136,274,79.8548379310938,-69.8233514259499
"424","x136y275",136,275,79.6465413440382,-69.2884794839434
"425","x136y276",136,276,79.437448955308,-68.7748577995695
"426","x136y277",136,277,79.227613335884,-68.2813225001817
"427","x136y278",136,278,79.0170833357048,-67.806787029276
"428","x136y279",136,279,78.8059044005502,-67.3502364440108
"429","x136y280",136,280,78.5941188589478,-66.9107221350852
"430","x136y281",136,281,78.3817661821085,-66.4873569442462
"431","x136y282",136,282,78.1688832195899,-66.0793106541265
"432","x136y283",136,283,77.9555044131232,-65.6858058252139
"433","x136y284",136,284,77.7416619907822,-65.3061139553444
"434","x136y285",136,285,77.5273861434458,-64.9395519380159
"435","x136y286",136,286,77.3127051853132,-64.5854787969485
"436","x136y287",136,287,77.0976457000434,-64.2432926755646
"437","x136y288",136,288,76.8822326739256,-63.9124280613784
"438","x137y266",137,266,81.5972662049791,-73.6776799325418
"439","x137y267",137,267,81.3951627286567,-72.9413924869018
"440","x137y268",137,268,81.1917605549477,-72.2391330866453
"441","x137y269",137,269,80.9871536960559,-71.5687933088256
"442","x137y270",137,270,80.7814284836897,-70.9284169864
"443","x137y271",137,271,80.5746642956078,-70.3161888993712
"444","x137y272",137,272,80.3669342086385,-69.7304241292584
"445","x137y273",137,273,80.1583055855314,-69.1695580977435
"446","x137y274",137,274,79.9488406023914,-68.6321372892762
"447","x137y275",137,275,79.7385967228419,-68.1168106426909
"448","x137y276",137,276,79.5276271244784,-67.6223215869296
"449","x137y277",137,277,79.3159810826297,-67.1475006895757
"450","x137y278",137,278,79.1037043159263,-66.6912588831454
"451","x137y279",137,279,78.8908392977134,-66.2525812322605
"452","x137y280",137,280,78.6774255369134,-65.8305212043736
"453","x137y281",137,281,78.4634998315593,-65.4241954072467
"454","x137y282",137,282,78.2490964978653,-65.0327787575683
"455","x137y283",137,283,78.0342475774025,-64.6555000467177
"456","x137y284",137,284,77.8189830246531,-64.2916378715702
"457","x137y285",137,285,77.6033308769717,-63.9405169002584
"458","x137y286",137,286,77.3873174087663,-63.6015044448827
"459","x137y287",137,287,77.1709672715082,-63.2740073152227
"460","x137y288",137,288,76.9543036210073,-62.9574689295071
"461","x138y266",138,266,81.7049916209833,-72.2812649903451
"462","x138y267",138,267,81.5002902220562,-71.569260697253
"463","x138y268",138,268,81.294395197514,-70.8909659746892
"464","x138y269",138,269,81.0873954272437,-70.2442196536426
"465","x138y270",138,270,80.8793723158487,-69.6270246872938
"466","x138y271",138,271,80.6704005284627,-69.0375348659965
"467","x138y272",138,272,80.4605486478226,-68.4740425032576
"468","x138y273",138,273,80.2498797612209,-67.9349670678146
"469","x138y274",138,274,80.0384519850918,-67.4188447220317
"470","x138y275",138,275,79.826318934165,-66.9243187176638
"471","x138y276",138,276,79.613530141374,-66.4501305950118
"472","x138y277",138,277,79.4001314340149,-65.9951121294123
"473","x138y278",138,278,79.1861652710381,-65.5581779689822
"474","x138y279",138,279,78.9716710457957,-65.138318908929
"475","x138y280",138,280,78.7566853580709,-64.734595750034
"476","x138y281",138,281,78.5412422587792,-64.346133691784
"477","x138y282",138,282,78.3253734703346,-63.9721172138041
"478","x138y283",138,283,78.1091085853268,-63.6117854025453
"479","x138y284",138,284,77.8924752458602,-63.2644276834927
"480","x138y285",138,285,77.6754993056247,-62.9293799223803
"481","x138y286",138,286,77.4582049765289,-62.6060208619899
"482","x138y287",138,287,77.24061496153,-62.2937688640201
"483","x138y288",138,288,77.0227505750978,-61.9920789282426
"484","x139y266",139,266,81.807692570838,-70.8488331673426
"485","x139y267",139,267,81.600453491013,-70.1634490407438
"486","x139y268",139,268,81.3921277155506,-69.5112777877193
"487","x139y269",139,269,81.1827984957705,-68.8901197562085
"488","x139y270",139,270,80.9725418863532,-68.2979503039756
"489","x139y271",139,271,80.7614274806322,-67.7329045413825
"490","x139y272",139,272,80.5495190631214,-67.1932633750588
"491","x139y273",139,273,80.3368751890516,-66.6774407741314
"492","x139y274",139,274,80.1235496995554,-66.1839721740379
"493","x139y275",139,275,79.9095921801179,-65.7115039308988
"494","x139y276",139,276,79.695048368998,-65.2587837405011
"495","x139y277",139,277,79.4799605215103,-64.8246519390486
"496","x139y278",139,278,79.2643677353393,-64.4080336072021
"497","x139y279",139,279,79.0483062414255,-64.0079314040097
"498","x139y280",139,280,78.8318096644055,-63.6234190627207
"499","x139y281",139,281,78.6149092561007,-63.2536354859408
"500","x139y282",139,282,78.397634105124,-62.897779382923
"501","x139y283",139,283,78.1800113252948,-62.555104396901
"502","x139y284",139,284,77.9620662252394,-62.2249146751886
"503","x139y285",139,285,77.7438224612538,-61.9065608392437
"504","x139y286",139,286,77.5253021752628,-61.5994363160329
"505","x139y287",139,287,77.3065261194955,-61.302973995814
"506","x139y288",139,288,77.0875137693023,-61.0166431849053
"507","x140y266",140,266,81.9051744828052,-69.3808320902257
"508","x140y267",140,267,81.6954696698276,-68.7244564102002
"509","x140y268",140,268,81.4847861639387,-68.1006055094876
"510","x140y269",140,269,81.2732011386596,-67.5070578687306
"511","x140y270",140,270,81.0607849226896,-66.9417764964043
"512","x140y271",140,271,80.8476017240627,-66.402891765974
"513","x140y272",140,272,80.6337102689709,-65.8886858966728
"514","x140y273",140,273,80.4191643659999,-65.3975789396164
"515","x140y274",140,274,80.2040134051414,-64.9281161345626
"516","x140y275",140,275,79.988302799735,-64.4789565091737
"517","x140y276",140,276,79.7720743784329,-64.048862600874
"518","x140y277",140,277,79.5553667333523,-63.6366911904515
"519","x140y278",140,278,79.3382155297787,-63.2413849458466
"520","x140y279",140,279,79.1206537820872,-62.8619648837123
"521","x140y280",140,280,78.9027120999424,-62.4975235650842
"522","x140y281",140,281,78.6844189083135,-62.1472189497223
"523","x140y282",140,282,78.4658006443923,-61.8102688413029
"524","x140y283",140,283,78.2468819341007,-61.4859458626206
"525","x140y284",140,284,78.0276857505477,-61.1735729063182
"526","x140y285",140,285,77.8082335564909,-60.8725190124094
"527","x140y286",140,286,77.5885454326007,-60.5821956290334
"528","x140y287",140,287,77.3686401931145,-60.3020532175289
"529","x140y288",140,288,77.1485354902676,-60.0315781670695
